repo,stars,since
gohugoio/hugo,22334,2017-04-24 09:08:56 +0000 UTC
future-architect/vuls,4970,2017-09-28 06:29:27 +0000 UTC
fabiolb/fabio,4414,2017-12-20 23:46:17 +0000 UTC
apex/up,4313,2017-08-07 22:50:40 +0000 UTC
tj/node-prune,3185,2017-11-25 18:16:14 +0000 UTC
gchaincl/httplab,2955,2017-10-31 08:31:54 +0000 UTC
tsuru/tsuru,2633,2017-03-30 19:36:27 +0000 UTC
adtac/commento,2304,2017-11-08 10:01:56 +0000 UTC
goreleaser/goreleaser,2273,2017-07-05 02:51:45 +0000 UTC
gobuffalo/buffalo,2143,2018-01-02 18:11:09 +0000 UTC
travisjeffery/jocko,2090,2017-11-15 14:24:09 +0000 UTC
knqyf263/pet,1641,2017-11-12 03:28:32 +0000 UTC
hacdias/filemanager,1585,2017-07-29 18:35:49 +0000 UTC
awslabs/aws-sam-local,1529,2017-08-11 15:42:21 +0000 UTC
v2tec/watchtower,1517,2017-02-02 20:25:14 +0000 UTC
tenta-browser/tenta-dns,1399,2017-12-18 21:52:21 +0000 UTC
justwatchcom/gopass,1347,2017-06-22 14:34:34 +0000 UTC
celrenheit/sandglass,1328,2017-10-28 21:59:02 +0000 UTC
tdewolff/minify,1313,2017-11-12 19:01:27 +0000 UTC
apex/gh-polls,1277,2017-07-05 02:39:36 +0000 UTC
alecthomas/chroma,1237,2017-09-25 06:47:55 +0000 UTC
matthewmueller/joy,1223,2017-12-03 19:27:14 +0000 UTC
mkchoi212/fac,1200,2018-01-02 18:26:44 +0000 UTC
osrg/gobgp,1185,2017-08-02 02:00:17 +0000 UTC
barnybug/cli53,1091,2017-10-12 19:45:34 +0000 UTC
linkedin/Burrow,1023,2017-12-03 04:07:46 +0000 UTC
metrue/fx,975,2017-10-27 08:44:01 +0000 UTC
gwuhaolin/lightsocks,821,2017-10-10 07:28:35 +0000 UTC
serverless/event-gateway,806,2017-07-26 07:43:27 +0000 UTC
cirocosta/cr,644,2017-12-14 11:58:44 +0000 UTC
huacnlee/flora-kit,573,2017-07-02 11:21:59 +0000 UTC
getantibody/antibody,494,2016-12-29 13:59:09 +0000 UTC
rif/spark,489,2017-11-07 09:19:58 +0000 UTC
go-task/task,469,2017-07-05 23:39:19 +0000 UTC
magefile/mage,453,2017-10-16 03:37:13 +0000 UTC
markbates/pop,453,2018-01-02 20:07:08 +0000 UTC
cloudnativelabs/kube-router,437,2017-07-09 16:21:26 +0000 UTC
t3rm1n4l/megacmd,381,2017-10-21 14:40:47 +0000 UTC
client9/misspell,359,2017-05-17 18:30:52 +0000 UTC
maliceio/malice,333,2017-04-21 02:38:33 +0000 UTC
rykov/paperboy,314,2017-07-08 04:12:10 +0000 UTC
evilsocket/arc,308,2017-12-11 15:26:53 +0000 UTC
codeskyblue/gosuv,300,2017-08-12 09:09:18 +0000 UTC
codeskyblue/gohttpserver,276,2017-09-11 04:56:04 +0000 UTC
jhillyerd/inbucket,267,2017-12-17 20:33:09 +0000 UTC
boz/kail,262,2017-08-15 08:57:21 +0000 UTC
gwuhaolin/livego,256,2017-05-29 02:58:50 +0000 UTC
oragono/oragono,247,2018-01-07 02:40:26 +0000 UTC
gobuffalo/packr,246,2018-01-02 17:53:50 +0000 UTC
bketelsen/captainhook,234,2017-11-22 22:57:44 +0000 UTC
aybabtme/humanlog,232,2017-04-16 18:26:32 +0000 UTC
schollz/croc,228,2017-10-18 19:58:01 +0000 UTC
martensson/nixy,228,2017-07-12 10:41:35 +0000 UTC
kyoh86/richgo,226,2017-07-30 16:37:26 +0000 UTC
JamesClonk/vultr,200,2017-12-26 17:46:27 +0000 UTC
stripe/stripe-mock,195,2017-06-21 23:48:44 +0000 UTC
ValeLint/vale,164,2017-04-23 18:10:26 +0000 UTC
bep/s3deploy,155,2017-04-23 18:13:08 +0000 UTC
ksonnet/ksonnet,154,2018-01-08 17:08:02 +0000 UTC
wendigo/go-bind-plugin,152,2017-08-27 10:22:01 +0000 UTC
schollz/pluck,141,2017-10-07 09:09:05 +0000 UTC
SpencerCDixon/exocortex,132,2017-11-27 00:18:50 +0000 UTC
corywalker/expreduce,132,2017-07-27 06:13:18 +0000 UTC
jetstack/tarmak,130,2017-07-08 15:27:31 +0000 UTC
howeyc/ledger,127,2017-12-07 03:10:49 +0000 UTC
dreadl0ck/zeus,124,2017-07-12 11:27:47 +0000 UTC
dave/blast,118,2017-11-08 00:48:31 +0000 UTC
gen0cide/gscript,116,2017-11-17 07:59:23 +0000 UTC
guillaumebreton/gone,107,2017-01-02 16:58:55 +0000 UTC
ncw/stressdisk,105,2017-10-11 13:32:36 +0000 UTC
schollz/linkcrawler,105,2017-03-19 14:15:17 +0000 UTC
tsuru/planb,102,2017-04-05 19:28:19 +0000 UTC
evilsocket/gitstats,99,2017-12-16 23:58:42 +0000 UTC
qvl/ghbackup,98,2017-01-05 21:40:39 +0000 UTC
qvl/sleepto,92,2017-01-05 20:22:55 +0000 UTC
lucapette/fakedata,91,2017-04-25 10:05:57 +0000 UTC
xwjdsh/nba-live,85,2017-12-18 11:17:45 +0000 UTC
zalando/zally,83,2017-08-04 07:23:54 +0000 UTC
Oxalide/vsphere-influxdb-go,82,2017-11-10 22:05:33 +0000 UTC
drish/ben,81,2017-12-30 04:38:16 +0000 UTC
kirillrogovoy/pullkee,78,2017-09-26 20:32:26 +0000 UTC
sroberts/cacador,78,2017-10-12 16:44:53 +0000 UTC
daptin/daptin,77,2017-06-29 22:39:04 +0000 UTC
sundy-li/wechat_autojump_game,76,2017-12-30 07:17:21 +0000 UTC
aybabtme/datagen,76,2017-10-26 04:29:50 +0000 UTC
goreleaser/godownloader,74,2017-05-10 20:04:58 +0000 UTC
gulien/orbit,72,2017-06-26 09:21:41 +0000 UTC
Shopify/kubeaudit,72,2017-11-03 20:52:30 +0000 UTC
greenboxal/dns-heaven,67,2017-09-10 00:18:05 +0000 UTC
qvl/promplot,65,2017-01-16 20:30:23 +0000 UTC
komuw/meli,64,2017-10-09 14:28:29 +0000 UTC
jonog/redalert,62,2017-10-09 20:19:55 +0000 UTC
creativesoftwarefdn/weaviate,61,2017-08-14 10:10:33 +0000 UTC
skorokithakis/gweet,60,2017-03-16 16:29:44 +0000 UTC
huacnlee/gobackup,59,2017-09-19 07:36:44 +0000 UTC
xwjdsh/manssh,56,2017-10-09 09:08:26 +0000 UTC
vjeantet/bitfan,55,2017-11-09 20:54:55 +0000 UTC
DheerendraRathor/GoTracer,53,2017-09-26 17:36:48 +0000 UTC
andreas-schroeder/kafka-health-check,52,2017-08-10 16:47:48 +0000 UTC
wendigo/chrome-protocol-proxy,47,2017-07-24 15:39:06 +0000 UTC
phayes/freeport,46,2017-10-02 16:33:13 +0000 UTC
hypnoglow/helm-s3,44,2017-10-03 10:52:33 +0000 UTC
beplus/makeicon,44,2017-07-28 08:31:37 +0000 UTC
cloudetc/awsweeper,43,2017-12-14 12:06:07 +0000 UTC
samsung-cnct/kraken,41,2018-01-04 01:15:36 +0000 UTC
influxdata/ifql,40,2017-11-06 22:20:11 +0000 UTC
lucapette/deloominator,39,2017-08-16 16:55:46 +0000 UTC
rliebz/tusk,37,2017-09-15 03:12:04 +0000 UTC
pocke/whichpr,37,2018-01-01 11:55:57 +0000 UTC
boz/ephemerald,37,2017-04-26 00:34:37 +0000 UTC
adejoux/nmon2influxdb,37,2017-11-17 15:39:34 +0000 UTC
hashicorp/faas-nomad,37,2018-01-09 21:49:23 +0000 UTC
Leviathan1995/fari-proxy,36,2017-10-28 07:27:16 +0000 UTC
zaquestion/lab,35,2017-11-07 10:02:17 +0000 UTC
tsuru/tsuru-client,33,2017-07-26 20:28:22 +0000 UTC
tsuru/tsuru-client,33,2017-07-26 20:28:22 +0000 UTC
bketelsen/gogrep,33,2017-11-22 23:21:17 +0000 UTC
JulienBreux/pody,33,2017-08-27 12:17:59 +0000 UTC
zupzup/calories,31,2017-06-02 13:25:54 +0000 UTC
kamilsk/retry,31,2017-10-10 11:28:02 +0000 UTC
osteele/gojekyll,30,2017-07-10 02:40:01 +0000 UTC
cmars/ormesh,30,2017-11-19 18:26:38 +0000 UTC
mesuutt/turengo,30,2017-05-14 14:46:02 +0000 UTC
nyaruka/courier,28,2017-05-18 20:21:19 +0000 UTC
Southclaws/sampctl,28,2017-09-27 20:09:47 +0000 UTC
31z4/harvest,28,2017-09-16 08:30:27 +0000 UTC
lexkong/grapehttp,27,2017-12-03 09:54:31 +0000 UTC
amir20/sha-miner,25,2017-11-10 17:38:48 +0000 UTC
openatx/wdaproxy,25,2017-01-16 09:03:38 +0000 UTC
ripienaar/rotrep,24,2017-11-01 14:36:23 +0000 UTC
genkiroid/cert,24,2017-10-07 05:17:14 +0000 UTC
pusher/cli,24,2017-12-06 15:14:26 +0000 UTC
pr8kerl/f5er,23,2017-11-19 12:01:46 +0000 UTC
qvl/httpsyet,23,2017-10-05 18:57:37 +0000 UTC
caarlos0/example,23,2017-04-12 23:53:20 +0000 UTC
thehowl/claws,22,2017-06-25 14:09:55 +0000 UTC
barnybug/s3,22,2017-10-12 20:00:28 +0000 UTC
caarlos0/fork-cleaner,22,2016-12-29 13:36:35 +0000 UTC
ahmed-taj/git-todos,22,2017-12-09 19:35:47 +0000 UTC
kaihendry/lk,21,2017-08-13 18:52:59 +0000 UTC
schollz/crawdad,20,2017-06-24 14:27:07 +0000 UTC
prologic/golinks,20,2017-12-28 08:05:41 +0000 UTC
qa-dev/jsonwire-grid,20,2017-06-03 20:37:07 +0000 UTC
envkey/envkey-source,19,2017-09-14 06:04:12 +0000 UTC
buildkite/packer-builder-veertu-anka,19,2017-08-29 02:20:00 +0000 UTC
xshellinc/iotit,19,2017-07-07 13:44:04 +0000 UTC
nem-toolchain/nem-toolchain,19,2017-09-30 05:45:50 +0000 UTC
martinhoefling/saltbeat,19,2017-06-03 21:16:22 +0000 UTC
arke-works/arke,18,2017-02-13 23:55:10 +0000 UTC
snwfdhmp/duck,18,2017-07-22 08:30:31 +0000 UTC
kamilsk/semaphore,18,2017-08-28 11:23:20 +0000 UTC
Mirantis/k8s-apps,17,2017-11-09 13:41:38 +0000 UTC
hacdias/webdav,17,2017-08-03 07:24:04 +0000 UTC
petermbenjamin/s3-fuzzer,17,2017-07-16 06:49:34 +0000 UTC
bketelsen/ngc,16,2017-11-22 21:26:11 +0000 UTC
dunglas/stack2slack,16,2017-09-28 21:27:09 +0000 UTC
kyoh86/scopelint,15,2017-07-30 16:31:37 +0000 UTC
sascha-andres/go-logsink,15,2017-03-02 12:24:33 +0000 UTC
gen0cide/laforge,15,2017-09-20 02:16:14 +0000 UTC
hellofresh/klepto,15,2017-12-22 09:55:06 +0000 UTC
monax/hoard,15,2017-07-20 17:52:09 +0000 UTC
caarlos0/karmahub,15,2016-12-29 13:33:15 +0000 UTC
schollz/boltdb-server,15,2017-03-19 14:32:45 +0000 UTC
syossan27/kirimori,14,2017-10-05 08:58:06 +0000 UTC
openatx/atx-agent,14,2017-09-19 15:09:06 +0000 UTC
moncho/warpwallet,14,2017-09-03 20:23:59 +0000 UTC
CityOfZion/neo-go-sdk,14,2017-09-18 19:59:00 +0000 UTC
jetstack/vault-unsealer,13,2017-07-10 07:39:42 +0000 UTC
itkSource/lorhammer,13,2017-07-21 10:12:14 +0000 UTC
itkSource/lorhammer,13,2017-07-21 10:12:14 +0000 UTC
Aptomi/aptomi,12,2017-11-27 08:33:31 +0000 UTC
replicatedhq/replicated,12,2017-07-10 16:15:00 +0000 UTC
tednaleid/ganda,12,2017-05-06 19:37:28 +0000 UTC
AmadeusITGroup/workflow-controller,12,2017-10-26 17:21:01 +0000 UTC
sascha-andres/devenv,12,2017-05-31 05:29:16 +0000 UTC
jacobbednarz/go-csp-collector,11,2017-07-10 07:09:27 +0000 UTC
wacul/ichigo,11,2017-08-23 07:20:55 +0000 UTC
caarlos0/bandep,11,2017-12-23 01:40:31 +0000 UTC
zeebe-io/zbc-go,11,2017-09-11 12:12:20 +0000 UTC
caarlos0/promfmt,10,2017-08-17 21:28:57 +0000 UTC
yarikbratashchuk/slk,10,2017-10-27 17:05:51 +0000 UTC
nouney/helm-gcs,10,2017-10-31 14:49:49 +0000 UTC
lucapette/tracker,10,2017-02-20 22:18:44 +0000 UTC
mkevac/hmm,10,2017-07-06 19:42:59 +0000 UTC
caarlos0/github-vacations,10,2017-11-11 17:22:49 +0000 UTC
skatsuta/athenai,10,2017-08-01 13:49:20 +0000 UTC
lrstanley/links,9,2017-08-06 21:57:42 +0000 UTC
aybabtme/godotto,9,2017-07-08 22:27:00 +0000 UTC
petermbenjamin/orthrus,9,2017-07-14 04:09:33 +0000 UTC
andygrunwald/jitic,9,2017-10-11 13:42:12 +0000 UTC
caarlos0/org-stats,9,2016-12-29 13:10:12 +0000 UTC
n0rad/housecream,9,2017-08-09 23:48:35 +0000 UTC
MYOB-Technology/konfigurator,9,2017-08-04 06:00:40 +0000 UTC
go-jsonfile/jsonfiddle,9,2017-08-11 00:38:52 +0000 UTC
ovh/ldp-tail,9,2017-06-23 10:38:15 +0000 UTC
compose/bach,9,2017-05-04 11:08:37 +0000 UTC
romainmenke/simple-guetzli,9,2017-03-26 16:36:26 +0000 UTC
darvid/nessusbeat,8,2017-07-26 19:44:57 +0000 UTC
leandro-lugaresi/message-cannon,8,2017-08-17 23:44:53 +0000 UTC
kshvmdn/ded,8,2017-12-29 05:35:40 +0000 UTC
ihaiker/distributed-gosuv,8,2017-12-03 12:45:17 +0000 UTC
uw-labs/strongbox,8,2017-07-27 10:30:10 +0000 UTC
caarlos0/twatcher,8,2016-12-29 13:41:26 +0000 UTC
zerok/concourse-piper,7,2017-09-09 09:22:48 +0000 UTC
envkey/envkey-fetch,7,2017-09-14 09:24:01 +0000 UTC
NERDDISCO/VisionLord,7,2017-10-20 15:27:37 +0000 UTC
issmirnov/zap,7,2017-02-25 04:38:55 +0000 UTC
egnyte/ax,7,2017-09-11 10:46:43 +0000 UTC
zeebe-io/zeebe-operator,7,2017-09-07 14:49:35 +0000 UTC
openpixel/rise,7,2017-10-27 04:58:17 +0000 UTC
filimonov/chc,7,2017-11-27 09:56:37 +0000 UTC
joyent/pg_prefaulter,7,2017-09-04 11:27:32 +0000 UTC
tleyden/cecil,7,2017-06-11 02:43:26 +0000 UTC
caarlos0/domain_exporter,7,2017-09-09 16:42:27 +0000 UTC
caarlos0/victorops-notifier,7,2017-06-20 00:57:00 +0000 UTC
cjsaylor/jrnl,7,2017-12-05 20:47:38 +0000 UTC
bep/twittercard-proxy,6,2017-06-22 09:51:23 +0000 UTC
martinlindhe/validyaml,6,2018-01-08 00:38:56 +0000 UTC
prologic/eris,6,2017-12-28 08:53:46 +0000 UTC
cirocosta/l7,6,2017-08-12 18:45:13 +0000 UTC
docker-gantry/gantry,6,2017-09-29 15:28:58 +0000 UTC
kevingimbel/license,6,2017-11-05 09:44:11 +0000 UTC
rai-project/rai,6,2017-08-16 18:32:01 +0000 UTC
okzk/env-injector,6,2017-10-12 15:50:10 +0000 UTC
chasinglogic/dfm,6,2017-09-09 15:02:02 +0000 UTC
ifad/clammit,5,2017-03-26 20:34:48 +0000 UTC
LoliGothick/cbt,5,2017-10-06 22:07:46 +0000 UTC
zerok/clocked,5,2017-10-15 08:28:08 +0000 UTC
screwdriver-cd/launcher,5,2017-08-18 18:19:51 +0000 UTC
caarlos0/route53-cleaner,5,2017-01-24 23:11:25 +0000 UTC
jvermillard/slackstatus,5,2017-12-04 09:03:25 +0000 UTC
ewilde/terraform-provider-runscope,5,2017-11-16 14:39:27 +0000 UTC
dotzero/git-profile,5,2017-10-17 12:24:56 +0000 UTC
osuripple/cheesegull,5,2017-10-01 17:50:33 +0000 UTC
PeterBooker/wpds,5,2017-08-29 14:51:15 +0000 UTC
mixer/wsplice,5,2017-10-01 22:12:11 +0000 UTC
rnitame/daily,5,2017-07-18 13:27:28 +0000 UTC
klauern/remy,5,2017-09-23 23:40:25 +0000 UTC
coveo/tgf,5,2017-07-17 18:56:58 +0000 UTC
cirocosta/sdns,5,2017-08-19 22:16:54 +0000 UTC
Tympanix/artoodetoo,5,2017-06-10 00:32:12 +0000 UTC
Nexinto/rancher-icinga,5,2017-08-04 14:24:15 +0000 UTC
nyaruka/goflow,5,2017-05-26 16:53:45 +0000 UTC
diasjorge/roly,5,2017-06-15 14:27:23 +0000 UTC
whats-this/owo.go,5,2017-01-04 19:18:03 +0000 UTC
wayneashleyberry/phpl,5,2017-01-04 08:14:32 +0000 UTC
stormforger/cli,5,2017-07-14 15:09:30 +0000 UTC
crowdworks/cyqldog,4,2017-08-30 00:39:00 +0000 UTC
TheTorProject/ooni-sync,4,2017-07-13 20:11:56 +0000 UTC
mch1307/gomotics,4,2017-08-26 13:42:31 +0000 UTC
pyed/rtelegram,4,2017-06-30 12:45:03 +0000 UTC
cirocosta/l4,4,2017-08-12 19:53:37 +0000 UTC
ohsawa0515/ec2-vuls-config,4,2017-10-15 01:12:48 +0000 UTC
Jimdo/elb-instance-status,4,2017-07-11 14:18:49 +0000 UTC
alastairruhm/utfbom-remove,4,2017-09-04 02:03:13 +0000 UTC
kaihendry/lk2,4,2018-01-01 09:31:52 +0000 UTC
ptinsley/fling,4,2017-10-04 14:59:15 +0000 UTC
Praqma/helmsman,4,2017-11-04 17:06:32 +0000 UTC
tsuru/deploy-agent,4,2017-07-18 14:34:57 +0000 UTC
mbialon/getrand,4,2017-10-17 07:46:08 +0000 UTC
ContaAzul/postgresql_exporter,4,2017-10-05 14:19:22 +0000 UTC
zph/moresql,4,2017-03-01 23:40:57 +0000 UTC
ContaAzul/newrelic_exporter,4,2017-11-22 15:34:26 +0000 UTC
MzHub/osmcoverer,4,2018-01-02 15:16:43 +0000 UTC
schollz/urlss,4,2017-07-13 14:35:39 +0000 UTC
blacktop/how-ya-doing,4,2017-04-24 00:18:30 +0000 UTC
circonus-labs/circonus-agent,4,2017-09-21 16:24:23 +0000 UTC
MYOB-Technology/dataform,3,2017-09-22 08:04:33 +0000 UTC
asnodgrass/columbus-v1000,3,2017-05-07 05:59:51 +0000 UTC
spiffe/aws-resolver,3,2017-12-01 21:58:27 +0000 UTC
kishaningithub/randomtext,3,2017-09-16 06:54:28 +0000 UTC
spiffe/aws-iid-attestor,3,2017-12-01 21:14:38 +0000 UTC
FurqanSoftware/bullet,3,2017-07-21 05:28:12 +0000 UTC
andygrunwald/perseus,3,2017-05-08 19:08:37 +0000 UTC
lrstanley/marill,3,2017-08-06 22:23:47 +0000 UTC
cockroachdb/vendored,3,2017-05-18 12:50:59 +0000 UTC
foomo/gotsrpc,3,2017-07-07 12:36:47 +0000 UTC
divanvisagie/JSON-translator,3,2017-10-11 16:20:11 +0000 UTC
pagumin/instago,3,2017-10-25 21:42:24 +0000 UTC
remyLemeunier/contactkey,3,2017-08-16 13:23:45 +0000 UTC
gocardless/draupnir,3,2017-12-28 12:57:03 +0000 UTC
kizkoh/mackerel-plugin-nfiptables,3,2017-12-07 02:47:11 +0000 UTC
bureaux-a-partager/gh-slack-reminder,3,2017-06-05 11:04:05 +0000 UTC
chasinglogic/praelatus-go,3,2017-09-11 01:18:16 +0000 UTC
zet4/disguard,3,2017-02-25 12:15:40 +0000 UTC
afrase/mysqldumpsplit,3,2017-10-17 16:21:09 +0000 UTC
phase2/rig,3,2017-10-27 18:57:06 +0000 UTC
caarlos0-graveyard/cepinator,3,2017-05-14 19:28:03 +0000 UTC
xreception/go-swagen,3,2017-07-18 08:10:15 +0000 UTC
caarlos0/clone-org,3,2016-12-29 12:42:18 +0000 UTC
hemtjanst/hemtjanst,3,2017-08-19 23:39:05 +0000 UTC
petermbenjamin/go-open,3,2017-06-29 23:03:22 +0000 UTC
Southclaws/forumfmt,3,2017-12-27 15:22:12 +0000 UTC
ContaAzul/hystrix_exporter,3,2017-09-25 21:19:23 +0000 UTC
ellisonleao/fotolog-dl,3,2017-04-21 00:35:44 +0000 UTC
ethereumproject/janus,3,2017-07-10 14:34:24 +0000 UTC
mcordell/storyview,3,2017-11-26 17:10:07 +0000 UTC
caarlos0/shcheck,3,2017-06-17 15:28:37 +0000 UTC
rai-project/carml,3,2017-08-16 18:35:37 +0000 UTC
kevingimbel/goserve,3,2017-09-07 07:01:30 +0000 UTC
drewsonne/go-gocd,3,2017-07-30 10:31:44 +0000 UTC
cdrx/faktory_cron,3,2017-11-27 18:16:25 +0000 UTC
prologic/gopherproxy,3,2017-06-18 23:46:03 +0000 UTC
kevholditch/terraform-provider-kong,2,2017-11-22 22:10:26 +0000 UTC
lrstanley/geoip,2,2017-09-01 05:22:36 +0000 UTC
rodkranz/char7,2,2017-11-24 19:17:03 +0000 UTC
photoshelf/photoshelf-storage,2,2017-11-25 20:25:34 +0000 UTC
uiureo/lonely-client,2,2017-12-26 14:16:27 +0000 UTC
KemoKemo/go-kuronandash,2,2017-07-30 13:36:21 +0000 UTC
travisjeffery/mocker,2,2017-11-13 08:19:11 +0000 UTC
FrontMage/dynamo.cli,2,2017-11-22 07:11:11 +0000 UTC
deliveroo/paddle,2,2017-07-30 11:13:35 +0000 UTC
ewilde/terraform-provider-kibana,2,2017-12-02 18:14:34 +0000 UTC
source-foundry/uni,2,2018-01-05 03:12:00 +0000 UTC
fresh8/consulship,2,2017-09-18 11:20:46 +0000 UTC
fsouza/s3-upload-proxy,2,2017-05-16 20:30:04 +0000 UTC
thewraven/shrink,2,2017-03-02 01:58:36 +0000 UTC
TylerBrock/saw,2,2017-09-20 05:18:03 +0000 UTC
petermbenjamin/aws-console,2,2017-07-02 20:16:49 +0000 UTC
wendigo/gcp-builder,2,2018-01-02 11:11:51 +0000 UTC
koesie10/acme-dns-certbot-hook,2,2017-11-13 17:48:14 +0000 UTC
astronomerio/astro,2,2017-09-11 20:38:21 +0000 UTC
spiffe/sidecar,2,2017-10-06 04:07:44 +0000 UTC
Nexinto/check-rancher,2,2017-08-04 12:54:59 +0000 UTC
maliceio/engine,2,2017-09-01 01:04:17 +0000 UTC
shiftky/go-tmsh,2,2017-10-24 14:00:00 +0000 UTC
yuuki/binrep,2,2017-10-14 02:27:04 +0000 UTC
lucianjon/zk-exporter,2,2017-10-02 05:19:49 +0000 UTC
davidderus/christopher,2,2017-09-30 19:22:06 +0000 UTC
robertgzr/porcelain,2,2017-07-03 17:22:40 +0000 UTC
KemoKemo/gckdir,2,2017-07-22 13:53:30 +0000 UTC
jbub/pgbouncer_exporter,2,2017-09-04 14:52:51 +0000 UTC
signalsciences/changelog,2,2017-06-22 08:44:42 +0000 UTC
itzg/restify,2,2017-12-10 03:06:48 +0000 UTC
peeyushsrj/ui-music-junk-cleaner,2,2017-07-13 22:51:15 +0000 UTC
ingrammicro/concerto,2,2017-07-26 12:54:44 +0000 UTC
frozzare/alfred,2,2017-08-23 09:53:24 +0000 UTC
asteris-llc/terraform-provisioner-converge,2,2017-11-15 11:46:15 +0000 UTC
martinlindhe/gohash,2,2017-11-11 17:33:35 +0000 UTC
dwarvesf/glm,2,2017-05-01 09:26:09 +0000 UTC
jetstack/vault-helper,2,2017-08-14 14:49:38 +0000 UTC
exitshell/konnect,2,2017-10-02 04:19:54 +0000 UTC
aldor007/mort,2,2017-11-27 20:00:29 +0000 UTC
kizkoh/mackerel-plugin-tcpeek,2,2017-12-06 09:47:48 +0000 UTC
caarlos0/am-i-working,2,2016-12-29 13:47:10 +0000 UTC
jcchavezs/zipkin-agent,2,2017-11-19 10:59:57 +0000 UTC
martinlindhe/validjson,2,2018-01-08 00:44:01 +0000 UTC
choria-io/stream-replicator,2,2018-01-09 08:57:26 +0000 UTC
shahinam/cloudac-dl,2,2017-07-29 06:24:56 +0000 UTC
fdns/dnszeppelin-clickhouse,2,2017-09-28 19:57:29 +0000 UTC
spiegel-im-spiegel/gpgpdump,2,2017-11-07 09:57:17 +0000 UTC
tbobm/gogit,2,2017-11-27 09:59:57 +0000 UTC
vlifesystems/rulehunter,2,2017-07-19 13:33:31 +0000 UTC
emir/weekly-share-cli,2,2017-10-10 19:54:13 +0000 UTC
Atrox/cain,2,2017-10-11 14:51:47 +0000 UTC
proshik/githubstatbot,2,2018-01-09 21:03:35 +0000 UTC
bureaux-a-partager/lucca-leaves-slack-reminder,2,2017-06-06 16:15:29 +0000 UTC
jaxxstorm/change-aws-credentials,1,2017-12-29 21:58:52 +0000 UTC
dpastoor/babylon,1,2017-06-15 14:05:08 +0000 UTC
dpastoor/babylon,1,2017-06-22 21:51:44 +0000 UTC
Versent/kinesis-tail,1,2017-10-29 11:41:58 +0000 UTC
foomo/config-bob,1,2017-07-07 14:24:21 +0000 UTC
tsauter/transmit,1,2017-04-02 21:22:25 +0000 UTC
townewgokgok/slack-status,1,2017-07-31 03:23:00 +0000 UTC
leighmcculloch/tldr,1,2017-11-28 07:23:15 +0000 UTC
Didstopia/motionerd,1,2017-10-14 18:08:32 +0000 UTC
leighmcculloch/clippercard,1,2018-01-01 06:50:04 +0000 UTC
SSENSE/sqspush,1,2017-05-19 13:09:08 +0000 UTC
caarlos0/version_exporter,1,2017-10-05 13:26:06 +0000 UTC
umovme/dbview,1,2017-09-22 15:09:10 +0000 UTC
dnna/terraform-provider-auth0,1,2017-08-29 21:27:58 +0000 UTC
martensson/tpm,1,2017-07-11 09:54:07 +0000 UTC
ncw/make_test_files,1,2017-12-13 12:53:14 +0000 UTC
alexcrownus/vreg,1,2017-04-20 22:34:10 +0000 UTC
brightbox/terraform-provider-brightbox,1,2017-08-23 13:56:36 +0000 UTC
ktt-ol/mqlux,1,2018-01-04 17:51:37 +0000 UTC
jeffijoe/total-rename,1,2017-07-24 12:23:23 +0000 UTC
wow-sweetlie/battleaxe,1,2017-12-10 10:18:47 +0000 UTC
coveo/terraform-provider-quantum,1,2017-07-18 21:39:13 +0000 UTC
martinlindhe/subtitles,1,2018-01-08 20:13:08 +0000 UTC
dpastoor/gows,1,2017-06-04 11:20:58 +0000 UTC
emad-elsaid/codeye,1,2018-01-05 14:16:28 +0000 UTC
zcong1993/gist,1,2017-07-11 02:59:33 +0000 UTC
z4ce/s3-restore,1,2017-10-18 14:31:45 +0000 UTC
FourtekIT/devnagri-cli,1,2017-12-14 11:59:00 +0000 UTC
mdp/delo,1,2017-02-05 05:39:02 +0000 UTC
rai-project/dockerfile-builder,1,2017-08-16 18:30:38 +0000 UTC
rif/telegraf-freeswitch,1,2017-11-02 11:18:37 +0000 UTC
Jimdo/github-team-ssh-keys,1,2017-07-10 17:58:15 +0000 UTC
gstruct/terraform-provider-dockermachine,1,2017-07-13 15:35:18 +0000 UTC
MiLk/nmp,1,2017-10-07 05:10:34 +0000 UTC
drewsonne/terraform-provider-gocd,1,2017-08-30 18:58:47 +0000 UTC
blp1526/isac,1,2017-11-24 14:17:26 +0000 UTC
1531/bibot,1,2017-12-11 09:34:19 +0000 UTC
embano1/dontdisturb,1,2017-03-15 09:39:40 +0000 UTC
binhq/gitbin,1,2017-03-17 21:52:29 +0000 UTC
blacktop/graboid,1,2017-08-26 16:58:28 +0000 UTC
floriankammermann/vcloud-cli,1,2017-11-28 20:34:18 +0000 UTC
aerogear/mobile-cli,1,2018-01-08 17:48:58 +0000 UTC
binhq/binbrew,1,2017-10-22 19:20:39 +0000 UTC
omniscale/legendgraphic,1,2017-08-23 12:44:44 +0000 UTC
Code-Hex/chair,1,2017-10-14 16:24:31 +0000 UTC
fsuhrau/gopretty,1,2017-08-21 16:31:11 +0000 UTC
av7573/av7573,1,2017-10-21 11:22:23 +0000 UTC
ReturnPath/protoc-gen-template,1,2017-08-30 18:24:49 +0000 UTC
kevingimbel/fget,1,2017-09-12 15:38:06 +0000 UTC
denisbrodbeck/sqip,1,2017-11-24 13:33:52 +0000 UTC
mdouchement/composer,1,2017-08-29 10:10:53 +0000 UTC
alexhudson/stowage,1,2017-08-30 19:54:18 +0000 UTC
bketelsen/bjk,1,2017-11-22 22:42:46 +0000 UTC
av7573/av7573,1,2017-11-25 09:38:08 +0000 UTC
dsbrng25b/mip,1,2017-12-06 19:16:58 +0000 UTC
128technology/influx-importer,1,2017-05-08 21:08:09 +0000 UTC
sairam/httpsbin,1,2017-01-05 06:32:48 +0000 UTC
hassansin/amqptools,1,2017-07-29 16:02:32 +0000 UTC
rodrigodiez/smocha,1,2017-11-27 14:41:42 +0000 UTC
zerok/tpl,1,2017-10-26 07:27:18 +0000 UTC
anyweez/matchgrab,1,2017-07-13 23:03:28 +0000 UTC
martinhoefling/gosip,1,2017-05-11 22:08:01 +0000 UTC
screwdriver-cd/sd-step,1,2017-08-15 18:03:50 +0000 UTC
sfischer13/datautils,1,2017-12-20 01:55:00 +0000 UTC
andefined/twreport,1,2017-08-28 14:34:56 +0000 UTC
undeadops/herd,1,2017-12-02 17:55:44 +0000 UTC
philoserf/my_training,1,2017-12-06 07:05:38 +0000 UTC
izzulhaziq/aggregateapi,1,2017-07-17 06:28:02 +0000 UTC
goofansu/wego,1,2017-11-12 18:56:36 +0000 UTC
esiqveland/replayuploader,1,2017-04-11 13:42:53 +0000 UTC
blacktop/lporg,1,2017-12-26 19:23:54 +0000 UTC
zaru/container-builder-local-api,1,2017-10-10 03:13:37 +0000 UTC
paulvollmer/openapi-split,1,2017-08-20 18:21:31 +0000 UTC
bsep/server,1,2017-05-07 08:47:33 +0000 UTC
toxinu/diskotek,1,2017-09-22 13:03:39 +0000 UTC
wangsongiam/command-count,1,2017-12-06 05:36:19 +0000 UTC
rafaelsales/street-sweeper,1,2017-08-25 08:36:38 +0000 UTC
client9/markdown_tools,1,2017-06-06 01:13:20 +0000 UTC
embano1/go-cicd,1,2017-12-01 22:54:05 +0000 UTC
andefined/twitterfarm,1,2017-12-19 15:27:41 +0000 UTC
testthedocs/henry,1,2017-06-22 10:42:42 +0000 UTC
moonwalker/luna,1,2017-08-22 09:08:28 +0000 UTC
TheCacophonyProject/thermal-recorder,1,2017-12-28 03:54:54 +0000 UTC
citizenfx/fx,1,2017-08-22 21:03:28 +0000 UTC
peteraba/dblfinder,1,2017-05-11 22:30:44 +0000 UTC
caarlos0/svu,1,2017-12-13 17:04:08 +0000 UTC
diogonicoleti/pg-activity-watchdog,1,2017-12-19 16:36:20 +0000 UTC
frozzare/dokku-prompt,1,2017-09-13 11:46:39 +0000 UTC
domudall/gce-sleep,1,2017-09-12 12:17:13 +0000 UTC
bpineau/kube-deployments-notifier,1,2017-12-14 07:45:16 +0000 UTC
schollz/qrcode,1,2017-10-05 17:24:42 +0000 UTC
martinlindhe/tile-tools,1,2017-11-29 00:59:21 +0000 UTC
avast/stor-client,1,2017-08-23 20:14:08 +0000 UTC
beplus/makesplash,1,2017-07-31 11:34:42 +0000 UTC
Xe/disrelay,1,2017-11-26 07:20:22 +0000 UTC
vdparikh/go-sftp,0,2017-11-27 20:43:49 +0000 UTC
stevenwilliamson/puppetenvreporter,0,2017-12-24 18:26:33 +0000 UTC
wixb50/pet,0,2017-11-28 12:26:56 +0000 UTC
coopengo/api-load,0,2017-11-28 21:37:38 +0000 UTC
crowdcube/delivery-helper,0,2017-12-08 15:54:22 +0000 UTC
soopsio/go-sshd,0,2017-11-29 12:01:29 +0000 UTC
gincorp/gin,0,2016-12-31 12:07:05 +0000 UTC
zet4/go-travis-docker-test,0,2017-01-03 18:30:32 +0000 UTC
wangsongiam/go,0,2017-12-07 00:19:33 +0000 UTC
srinandan/mgw2egw,0,2017-12-31 03:24:06 +0000 UTC
dmlam-dev/Hugo,0,2017-04-24 09:08:56 +0000 UTC
divanvisagie/postl,0,2017-08-22 19:02:35 +0000 UTC
develar/block-map-builder,0,2017-12-15 09:55:28 +0000 UTC
chris-rock/homekit-fritz,0,2017-12-30 11:02:22 +0000 UTC
simonswine/aws-nuke,0,2017-07-24 12:19:27 +0000 UTC
mattbangert/GoSkeleton,0,2017-10-19 21:00:53 +0000 UTC
zaru/kamatakun,0,2017-11-23 17:40:35 +0000 UTC
mattstratton/bowie,0,2017-10-14 02:27:50 +0000 UTC
spiegel-im-spiegel/mklink,0,2017-11-08 06:06:11 +0000 UTC
Didstopia/symbolizer,0,2017-07-31 07:25:01 +0000 UTC
blblblu/asami,0,2017-01-21 13:40:53 +0000 UTC
gstruct/terraform-provider-dockerclient,0,2017-07-14 09:38:27 +0000 UTC
zcong1993/gcommitter,0,2017-07-11 07:55:52 +0000 UTC
gugahoi/dogwatch,0,2017-11-05 08:37:32 +0000 UTC
sascha-andres/gitbranch,0,2017-03-16 15:41:35 +0000 UTC
circonus-labs/circonus-logwatch,0,2017-10-09 15:24:24 +0000 UTC
kaleocheng/kanna,0,2017-07-30 14:19:30 +0000 UTC
klauern/terraform-gitea-provider,0,2017-11-25 02:35:34 +0000 UTC
tukangkod/gorelease-example,0,2017-07-17 07:02:19 +0000 UTC
tnoda78/posiserver,0,2017-10-05 10:25:02 +0000 UTC
vromero/gofortune,0,2017-07-04 07:20:52 +0000 UTC
diverdown/toggl2slack,0,2017-09-06 17:05:49 +0000 UTC
diegofernandes/context-test,0,2017-01-31 17:07:19 +0000 UTC
phrase-yourself/phrased,0,2017-10-27 13:15:48 +0000 UTC
berfarah/knoch,0,2017-09-03 09:36:31 +0000 UTC
spiegel-im-spiegel/text,0,2017-12-05 07:38:44 +0000 UTC
martinlindhe/validtoml,0,2018-01-08 00:35:27 +0000 UTC
gnur/golpje,0,2017-06-30 06:47:15 +0000 UTC
blblblu/leri,0,2017-02-01 17:49:14 +0000 UTC
whilei/squirrel,0,2017-07-14 14:20:41 +0000 UTC
kamilsk/egg,0,2017-05-25 11:24:18 +0000 UTC
kyoh86/git-vertag,0,2017-07-21 03:00:11 +0000 UTC
Jimdo/autoscaling-file-sd,0,2017-07-11 14:24:14 +0000 UTC
andreiashu/cryptom,0,2017-06-27 17:14:06 +0000 UTC
zerok/pyvideosearch,0,2017-05-23 00:12:03 +0000 UTC
unders/servdir,0,2017-09-29 15:02:34 +0000 UTC
sascha-andres/go-snippet,0,2017-03-15 13:12:37 +0000 UTC
klauern/terraform-gogs-provider,0,2017-11-25 02:40:38 +0000 UTC
artudis-utils/artudis-orcid-report,0,2017-11-13 19:51:42 +0000 UTC
rudivandrunen/watchtower,0,2017-02-02 20:25:14 +0000 UTC
emersion/do-dyn-domain,0,2017-05-09 21:14:21 +0000 UTC
kyoh86/go-init,0,2017-12-10 13:16:46 +0000 UTC
stve/tn,0,2017-01-27 22:06:33 +0000 UTC
z7zmey/codegraph,0,2017-10-10 20:15:29 +0000 UTC
chrissimpkins/ink,0,2017-12-24 15:23:39 +0000 UTC
spiegel-im-spiegel/reldemo,0,2017-11-01 03:53:27 +0000 UTC
lrstanley/nagios-check-ircd,0,2017-08-06 21:23:35 +0000 UTC
bep/releaser-test,0,2017-08-27 21:10:33 +0000 UTC
divanvisagie/remote-wallpaper,0,2017-08-24 19:57:24 +0000 UTC
thewraven/gsplit,0,2017-08-03 15:32:56 +0000 UTC
jamowei/senv,0,2017-11-20 20:22:31 +0000 UTC
cassiobotaro/binary-assets,0,2017-11-12 13:56:34 +0000 UTC
divanvisagie/reverse-proxy,0,2017-09-02 09:16:16 +0000 UTC
helmci/mirror-plugin,0,2017-08-06 06:50:07 +0000 UTC
alphaz-cn/fuckgfw,0,2017-10-10 07:28:35 +0000 UTC
abhi18av/goHabitica,0,2017-09-17 03:27:12 +0000 UTC
hamin/godesk,0,2017-06-26 15:21:58 +0000 UTC
pikacloud/run-agent,0,2017-09-20 13:07:47 +0000 UTC
gedex/goreleaser-example-app,0,2017-07-08 12:29:00 +0000 UTC
rdtr/bq-partition-porter,0,2017-09-28 04:10:52 +0000 UTC
guyfedwards/gl,0,2017-11-21 14:29:04 +0000 UTC
hiromisuzuki/tellanch,0,2017-10-05 06:16:04 +0000 UTC
nkprince007/uipgo,0,2017-12-16 05:51:25 +0000 UTC
TunedMystic/gops,0,2017-10-01 09:44:25 +0000 UTC
mbialon/hexdec,0,2017-10-25 23:33:08 +0000 UTC
gofmt/go-scaffold,0,2017-11-14 13:34:55 +0000 UTC
kevingimbel/isup,0,2017-09-12 15:20:35 +0000 UTC
rudivandrunen/watchtower2,0,2018-01-08 15:14:05 +0000 UTC
itzg/img-hacker,0,2017-07-09 21:46:47 +0000 UTC
zerok/remarked,0,2017-09-18 16:28:54 +0000 UTC
coinapp-io/coinapp,0,2017-04-10 02:17:40 +0000 UTC
dpastoor/cpdf,0,2017-06-24 15:19:49 +0000 UTC
maliceio/cli,0,2017-09-05 21:05:18 +0000 UTC
VagabondDataNinjas/gizlinebot,0,2017-10-27 08:01:22 +0000 UTC
grapswiz/dfs,0,2017-09-10 09:56:36 +0000 UTC
adriaandejonge/contentful-hugo,0,2017-08-21 15:43:17 +0000 UTC
naveego/plugin-pub-mssql,0,2017-10-20 14:00:22 +0000 UTC
sergiusens/hello,0,2017-10-10 16:30:30 +0000 UTC
hakupoint/test,0,2017-10-20 09:51:21 +0000 UTC
sascha-andres/tardeploy,0,2017-08-08 18:49:39 +0000 UTC
mdouchement/risuto,0,2018-01-09 13:23:57 +0000 UTC
giacomocariello/nickelcase,0,2017-06-07 16:26:30 +0000 UTC
easauceda/fib,0,2017-11-15 05:40:26 +0000 UTC
naveego/plugin-sub-mariadb,0,2017-10-20 19:37:24 +0000 UTC
citizenfx/client-downloader,0,2017-10-03 08:27:43 +0000 UTC
sean-/2017-joyent-hackathon,0,2017-11-15 22:25:02 +0000 UTC
sean-/2017-joyent-hackathon,0,2017-11-15 22:16:24 +0000 UTC
AndreaGhizzoni/zenium,0,2017-05-03 09:00:05 +0000 UTC
kyleburton/randwords,0,2017-05-20 22:50:14 +0000 UTC
coveo/gotemplate,0,2017-07-26 22:51:00 +0000 UTC
jiro4989/game-manager,0,2017-12-24 11:37:47 +0000 UTC
foomo/foomo-releaser,0,2017-09-26 14:19:57 +0000 UTC
bobvanluijt/RLY08B-controller,0,2017-11-19 11:22:55 +0000 UTC
naveego/plugin-sub-test,0,2017-10-20 19:02:37 +0000 UTC
Jimdo/wonderland-prom-rulegen,0,2017-07-11 08:18:49 +0000 UTC
jojomi/sudoku,0,2018-01-05 23:01:25 +0000 UTC
5Sigma/spyder,0,2017-08-11 02:09:07 +0000 UTC
willyb321/gthsmanage,0,2017-07-27 03:25:22 +0000 UTC
marianogappa/simil,0,2017-07-22 06:57:02 +0000 UTC
divanvisagie/new,0,2017-08-25 09:50:50 +0000 UTC
gost-c/gost-cli,0,2018-01-03 08:02:37 +0000 UTC
jetstack/airworthy,0,2017-11-24 17:25:29 +0000 UTC
stathat/cmd,0,2017-06-06 01:34:03 +0000 UTC
GaoLiping/goreleaser,0,2017-11-09 09:36:40 +0000 UTC
abhi18av/saigo,0,2017-08-22 16:19:08 +0000 UTC
jaxxstorm/like-my-friend,0,2017-12-22 16:58:52 +0000 UTC
lrstanley/borg,0,2017-08-15 08:02:20 +0000 UTC
matthewmueller/giftbox,0,2017-08-17 11:01:32 +0000 UTC
predixapm/cases,0,2017-09-03 15:59:24 +0000 UTC
welloo6/filemanager,0,2017-07-29 18:35:49 +0000 UTC
CxiaoyuN/filemanager,0,2017-07-29 18:35:49 +0000 UTC
,0,0001-01-01 00:00:00 +0000 UTC
zlypher/track,0,2017-12-12 19:18:07 +0000 UTC
osteele/multiclone,0,2017-11-18 13:33:25 +0000 UTC
domudall/gcu-check,0,2017-07-31 16:21:21 +0000 UTC
augustopimenta/dev-dock,0,2017-06-18 18:25:50 +0000 UTC
gofortune/gofortune,0,2017-07-22 23:35:23 +0000 UTC
amir20/foobar,0,2017-10-19 04:05:14 +0000 UTC
stve/scar,0,2017-01-26 17:23:50 +0000 UTC
simonswine/gke-kubeconfig-builder,0,2017-12-20 14:32:13 +0000 UTC
midorigreen/gmd,0,2017-10-29 15:36:25 +0000 UTC
gedex/gembel,0,2017-12-10 18:33:57 +0000 UTC
abhi18av/s_a_i_go,0,2017-08-10 16:56:49 +0000 UTC
embano1/tw,0,2018-01-08 21:24:48 +0000 UTC
knqyf263/holiday_jp-go,0,2018-01-06 15:17:46 +0000 UTC
deepthawtz/heath,0,2017-11-27 07:13:42 +0000 UTC
geoffreybauduin/iap-dump,0,2017-08-26 20:34:04 +0000 UTC
gstruct/terraform-provider-run,0,2017-11-19 18:58:26 +0000 UTC
gost-c/enr,0,2017-07-11 07:27:26 +0000 UTC
dictybase-playground/gdrive-uploadr,0,2017-09-12 17:09:29 +0000 UTC
jhillyerd/fauxmailer,0,2017-12-24 18:00:21 +0000 UTC
devopsdays/devopsdays-cli,0,2017-09-27 18:45:15 +0000 UTC
kpurdon/beerwall,0,2017-12-07 01:24:57 +0000 UTC
Versent/syslog-cloudlogs,0,2017-12-21 12:07:24 +0000 UTC
spiegel-im-spiegel/hash,0,2017-11-06 10:14:56 +0000 UTC
Linaro/skipgen,0,2018-01-02 20:58:16 +0000 UTC
LemonSaaS/ghostsocks,0,2017-11-14 16:36:32 +0000 UTC
blp1526/gg,0,2017-10-04 14:09:46 +0000 UTC
giacomocariello/terraform-provider-consulclient,0,2017-07-20 08:58:41 +0000 UTC
codeskyblue/adbx,0,2017-02-27 11:08:34 +0000 UTC
ncw/fsyncbench,0,2017-12-12 15:18:25 +0000 UTC
naveego/plugin-pub-test,0,2017-10-20 18:51:59 +0000 UTC
lrstanley/nagios-notify-irc,0,2017-08-07 05:00:39 +0000 UTC
cloudboss/keights,0,2017-11-05 18:18:47 +0000 UTC
martinplaner/felix,0,2017-10-12 07:01:47 +0000 UTC
IFTTT/alb-tool,0,2017-05-21 21:07:24 +0000 UTC
cu-library/DOAJ2Crossref,0,2017-11-21 16:57:34 +0000 UTC
yoclay/hugo-master,0,2017-12-09 10:27:46 +0000 UTC
Jimdo/github-downloader,0,2017-08-01 12:05:26 +0000 UTC
wablerfam/baku,0,2017-11-26 05:08:12 +0000 UTC
MathieuDoyon/sqspush,0,2017-05-19 13:09:08 +0000 UTC
paulchiu/xinput-toggle,0,2017-09-21 08:06:51 +0000 UTC
chenshunlin/filemanager,0,2017-07-29 18:35:49 +0000 UTC
kevingimbel/goreleaser-demo,0,2017-09-14 18:37:06 +0000 UTC
proshik/gotrew,0,2017-12-20 12:08:57 +0000 UTC
KristinaEtc/goreleaser-test,0,2017-10-26 13:29:54 +0000 UTC
wolfeidau/ggprov,0,2017-07-23 13:05:33 +0000 UTC
sklevenz/goreleaser-test,0,2017-09-23 16:25:37 +0000 UTC
kogasoftware/dmocks,0,2017-10-16 01:30:20 +0000 UTC
mplx/gosample,0,2017-08-03 14:53:51 +0000 UTC
screwdriver-cd/meta-cli,0,2017-08-11 08:08:17 +0000 UTC
noonien/tcp-proxy,0,2017-07-27 19:53:36 +0000 UTC
jiro4989/md4pt,0,2017-10-08 02:08:11 +0000 UTC
goreleaser/example,0,2017-09-16 19:25:13 +0000 UTC
itc3-devops/vrctlviz,0,2017-12-29 16:10:40 +0000 UTC
clintmod/diskusage,0,2017-12-04 01:23:08 +0000 UTC
K7MSH/webcam-scraper,0,2017-09-19 05:08:40 +0000 UTC
antonu17/go-playgroud,0,2017-12-01 10:36:15 +0000 UTC
jojomi/bkp,0,2018-01-07 00:00:42 +0000 UTC
mchudgins/playground,0,2017-07-08 02:44:39 +0000 UTC
ShimiT/mta-tool,0,2017-12-25 12:17:45 +0000 UTC
digivizer/newrelic-smith,0,2017-10-19 12:45:31 +0000 UTC
hawky-4s-/octoman,0,2017-06-22 21:29:13 +0000 UTC
SpeckiJ/go_seamCarving,0,2017-11-28 23:22:41 +0000 UTC
DanielMSchmidt/flow-watcher,0,2017-07-25 11:14:31 +0000 UTC
fprieur/stminfo,0,2017-01-10 16:25:30 +0000 UTC
fsuhrau/gocat,0,2017-09-11 19:25:59 +0000 UTC
provalabs/prova,0,2017-11-19 10:25:13 +0000 UTC
erikwilliamsa/gcloudps,0,2017-11-15 13:20:56 +0000 UTC
zcong1993/gen,0,2018-01-03 05:38:17 +0000 UTC
TwistedSystemsLtd/lazenby-go,0,2017-12-23 23:22:47 +0000 UTC
zcong1993/gen,0,2018-01-03 03:37:42 +0000 UTC
nakaji-s/hbase-cmd,0,2017-06-18 15:07:54 +0000 UTC
vovkasm/run-with-schedule,0,2017-11-10 13:41:45 +0000 UTC
gillchristian/todos,0,2017-04-21 00:32:01 +0000 UTC
petems/gitgud,0,2017-07-06 15:14:01 +0000 UTC
rentziass/territory_wars_report,0,2017-12-22 13:15:09 +0000 UTC
artberri/gitcleaner,0,2017-10-27 22:54:46 +0000 UTC
ShimiT/mit,0,2018-01-07 09:19:30 +0000 UTC
evovetech/got,0,2018-01-02 09:10:47 +0000 UTC
DheerendraRathor/SimpleWsClient,0,2017-10-08 18:22:20 +0000 UTC
develar/app-builder,0,2018-01-04 16:41:00 +0000 UTC
jiro4989/genidx,0,2017-11-11 14:50:35 +0000 UTC
screwdriver-cd/log-service,0,2017-08-17 21:08:04 +0000 UTC
FenrirUnbound/mplater,0,2017-08-08 23:37:14 +0000 UTC
UnAfraid/go-health-check,0,2017-12-03 00:57:44 +0000 UTC
ynozue/apichecker,0,2017-11-09 23:55:47 +0000 UTC
uepoch/go-healthchecker,0,2017-07-13 08:18:12 +0000 UTC
ingest/generate-playback-keys,0,2017-11-17 18:54:50 +0000 UTC
zcong1993/pkg-version,0,2017-12-08 06:17:48 +0000 UTC
TheCacophonyProject/thermal-uploader,0,2017-12-28 04:17:19 +0000 UTC
cedriclam/helm-test,0,2017-10-12 09:33:06 +0000 UTC
tosone/testGoRelease,0,2017-10-28 10:29:17 +0000 UTC
rai-project/rai-keygen,0,2017-11-05 14:31:05 +0000 UTC
tomsquest/bouyguessms,0,2017-10-10 05:43:16 +0000 UTC
sanathkr/go-helloworld,0,2017-08-11 05:45:13 +0000 UTC
bbengfort/daytimer,0,2018-01-04 20:37:56 +0000 UTC
5Sigma/conduit,0,2017-08-14 05:33:27 +0000 UTC
jason-riddle/stateless,0,2017-05-09 15:21:51 +0000 UTC
sidmusa/hugo,0,2017-04-24 09:08:56 +0000 UTC
sebastianwebber/hba,0,2017-09-21 21:11:04 +0000 UTC
gstruct/sexecline,0,2017-11-04 18:15:31 +0000 UTC
kyoh86/deject,0,2017-07-20 07:08:53 +0000 UTC
gomatic/sub,0,2017-12-11 01:09:24 +0000 UTC
dmush/sqlpack,0,2017-09-11 15:14:27 +0000 UTC
drewsonne/gocd-tf-generate,0,2017-09-10 14:40:44 +0000 UTC
midorigreen/gtrello,0,2017-10-18 14:49:13 +0000 UTC
whyrv/clitemplate,0,2017-04-22 23:00:39 +0000 UTC
mbesancon/tomate,0,2017-09-21 20:05:41 +0000 UTC
itzg/haproxy-gen,0,2017-10-28 17:35:42 +0000 UTC
ninnemana/fuz,0,2017-07-14 16:25:22 +0000 UTC
caarlos0/test,0,2017-07-16 15:06:44 +0000 UTC
artpar/gisio,0,2017-07-04 11:59:18 +0000 UTC
leitaoxman/backup-lightsocks,0,2017-10-10 07:28:35 +0000 UTC
client9/s3push,0,2017-05-19 16:11:04 +0000 UTC
tjyang/cmd1,0,2017-04-17 14:28:21 +0000 UTC
dependencies-io/pullrequest,0,2017-08-07 18:54:35 +0000 UTC
MerlinDMC/jsonbeat,0,2017-11-04 18:14:17 +0000 UTC
rentziass/codrops,0,2017-05-22 13:37:17 +0000 UTC
hellofresh/github-cli,0,2017-12-11 22:14:09 +0000 UTC
fprieur/wb2d,0,2016-12-30 21:36:30 +0000 UTC
mitchgu/asdfland,0,2017-12-08 00:03:30 +0000 UTC
errata-ai/errata,0,2017-12-29 03:36:42 +0000 UTC
arran4/matchStickProblem,0,2017-07-10 11:47:02 +0000 UTC
humio/cli,0,2017-10-26 21:21:53 +0000 UTC
humio/cli-python,0,2017-10-26 17:19:24 +0000 UTC
mbialon/ncron,0,2017-11-13 10:19:55 +0000 UTC
circleci/ccidemo,0,2017-07-21 18:09:32 +0000 UTC
kare/gist,0,2017-12-21 17:03:03 +0000 UTC
gedex/glek,0,2017-12-11 01:19:48 +0000 UTC
alastairruhm/zj-db-cluster,0,2017-12-02 06:27:07 +0000 UTC
PortalP3/mingle_metrics,0,2017-12-29 21:17:47 +0000 UTC
